{
  "ur10e_policy": {
    "ee_pos": [
      [
        0.4125,
        -0.108,
        0.365,
        0.0,
        -0.70711,
        0.70711,
        0.0
      ]
    ],
    "slot_A_1_T": [
      [1.0, 0.0, 0.0, 0.4],
      [0.0, 1.0, 0.0, -0.2],
      [0.0, 0.0, 1.0, 0.0],
      [0.0, 0.0, 0.0, 1.0]
    ]
  },
  "safety": {
    "joint_pos": [
      [0.02, -0.04, 0.01, -0.08, 0.05, -0.03]
    ],
    "joint_vel": [
      [0.0, 0.0, 0.0, 0.0, 0.0, 0.0]
    ]
  }
}
